Cooling Rate,Temperature, Wirelength
0.95,4.72162e+06,12651
0.95,3.54122e+06,12702
0.95,2.65591e+06,12938
0.95,1.99194e+06,13028
0.95,1.49395e+06,13099
0.95,1.12046e+06,13201
0.95,840348,13225
0.95,630261,13447
0.95,472696,13447
0.95,354522,13520
0.95,265891,13550
0.95,199418,13602
0.95,149564,13741
0.95,112173,13898
0.95,84129.7,13994
0.95,63097.3,14044
0.95,47322.9,14078
0.95,35492.2,14104
0.95,26619.2,14148
0.95,19964.4,14202
0.95,14973.3,14380
0.95,11230,14521
0.95,8422.47,14536
0.95,6316.85,14646
0.95,4737.64,14698
0.95,3553.23,14772
0.95,2664.92,14974
0.95,1998.69,15043
0.95,1499.02,15139
0.95,1124.26,15231
0.95,843.198,15323
0.95,632.398,15401
0.95,474.299,15596
0.95,355.724,15704
0.95,266.793,15894
0.95,200.095,15919
0.95,150.071,15957
0.95,112.553,15982
0.95,84.415,16015
0.95,63.3112,16039
0.95,47.4834,16108
0.95,35.6126,16210
0.95,26.7094,16331
0.95,20.0321,16394
0.95,15.0241,16418
0.95,11.268,16524
0.95,8.45103,16628
0.95,6.33827,16725
0.95,4.7537,16784
0.95,3.56528,16872
0.95,2.67396,16948
0.95,2.00547,17068
0.95,1.5041,17092
0.95,1.12808,17135
0.95,0.846057,17243
0.95,0.634543,17331
0.95,0.475907,17400
0.95,0.35693,17561
0.95,0.267698,17586
0.95,0.200773,17675
0.95,0.15058,17736
0.95,0.112935,17822
0.95,0.0847013,17989
0.95,0.0635259,18001
0.95,0.0476445,18038
0.95,0.0357333,18111
0.95,0.0268,18292
0.95,0.0201,18313
0.95,0.015075,18389
0.95,0.0113063,18424
0.95,0.00847969,18583
0.95,0.00635977,18666
0.95,0.00476983,18685
0.95,0.00357737,18716
0.95,0.00268303,18724
0.95,0.00201227,18778
0.95,0.0015092,18925
0.95,0.0011319,18958
0.95,0.000848926,19010
0.95,0.000636695,19049
0.95,0.000477521,19095
0.95,0.000358141,19124
0.95,0.000268606,19140
0.95,0.000201454,19149
0.95,0.000151091,19152
0.95,0.000113318,19292
0.95,8.49885e-05,19450
0.95,6.37414e-05,19500
0.95,4.7806e-05,19504
0.95,6.14318e+06,19439
0.95,5.83602e+06,19641
0.95,5.54422e+06,19695
0.95,5.267e+06,19785
0.95,5.00365e+06,19797
0.95,4.75347e+06,19861
0.95,4.5158e+06,19982
0.95,4.29001e+06,20082
0.95,4.07551e+06,20072
0.95,3.87173e+06,20142
0.95,3.67815e+06,20171
0.95,3.49424e+06,20202
0.95,3.31953e+06,20285
0.95,3.15355e+06,20294
0.95,2.99587e+06,20469
0.95,2.84608e+06,20458
0.95,2.70378e+06,20655
0.95,2.56859e+06,20671
0.95,2.44016e+06,20774
0.95,2.31815e+06,20790
0.95,2.20224e+06,20879
0.95,2.09213e+06,20925
0.95,1.98752e+06,21018
0.95,1.88815e+06,21027
0.95,1.79374e+06,21114
0.95,1.70405e+06,21149
0.95,1.61885e+06,21239
0.95,1.53791e+06,21276
0.95,1.46101e+06,21287
0.95,1.38796e+06,21340
0.95,1.31856e+06,21426
0.95,1.25264e+06,21460
0.95,1.19e+06,21480
0.95,1.1305e+06,21492
0.95,1.07398e+06,21585
0.95,1.02028e+06,21621
0.95,969265,21636
0.95,920802,21647
0.95,874762,21702
0.95,831024,21767
0.95,789473,21788
0.95,749999,21834
0.95,712499,21934
0.95,676874,21988
0.95,643030,22048
0.95,610879,22058
0.95,580335,22049
0.95,551318,22104
0.95,523752,22106
0.95,497565,22163
0.95,472686,22166
0.95,449052,22243
0.95,426600,22266
0.95,405270,22348
0.95,385006,22365
0.95,365756,22376
0.95,347468,22505
0.95,330095,22582
0.95,313590,22687
0.95,297910,22822
0.95,283015,22844
0.95,268864,22917
0.95,255421,23110
0.95,242650,23025
0.95,230517,23084
0.95,218991,23206
0.95,208042,23275
0.95,197640,23287
0.95,187758,23363
0.95,178370,23366
0.95,169451,23386
0.95,160979,23542
0.95,152930,23787
0.95,145283,23875
0.95,138019,23953
0.95,131118,23998
0.95,124562,23978
0.95,118334,24036
0.95,112418,24116
0.95,106797,24209
0.95,101457,24279
0.95,96384,24266
0.95,91564.8,24341
0.95,86986.6,24343
0.95,82637.2,24410
0.95,78505.4,24432
0.95,74580.1,24432
0.95,70851.1,24564
0.95,67308.5,24588
0.95,63943.1,24645
0.95,60746,24648
0.95,57708.7,24730
0.95,54823.2,24701
0.95,52082.1,24738
0.95,49478,24759
0.95,47004.1,24797
0.95,44653.9,24868
0.95,42421.2,24902
0.95,40300.1,24946
0.95,38285.1,24952
0.95,36370.8,24949
0.95,34552.3,25083
0.95,32824.7,25252
0.95,31183.5,25273
0.95,29624.3,25273
0.95,28143.1,25277
0.95,26735.9,25205
0.95,25399.1,25217
0.95,24129.2,25219
0.95,22922.7,25309
0.95,21776.6,25364
0.95,20687.7,25460
0.95,19653.4,25385
0.95,18670.7,25529
0.95,17737.2,25526
0.95,16850.3,25520
0.95,16007.8,25563
0.95,15207.4,25597
0.95,14447,25651
0.95,13724.7,25659
0.95,13038.4,25659
0.95,12386.5,25744
0.95,11767.2,25760
0.95,11178.8,25778
0.95,10619.9,25822
0.95,10088.9,25869
0.95,9584.45,25862
0.95,9105.23,25879
0.95,8649.97,26028
0.95,8217.47,26058
0.95,7806.59,26073
0.95,7416.26,26178
0.95,7045.45,26130
0.95,6693.18,26195
0.95,6358.52,26204
0.95,6040.59,26223
0.95,5738.56,26231
0.95,5451.64,26301
0.95,5179.05,26611
0.95,4920.1,26604
0.95,4674.1,26592
0.95,4440.39,26660
0.95,4218.37,26784
0.95,4007.45,26791
0.95,3807.08,26847
0.95,3616.73,26847
0.95,3435.89,26848
0.95,3264.1,26914
0.95,3100.89,26923
0.95,2945.85,26945
0.95,2798.55,26983
0.95,2658.63,26988
0.95,2525.69,27110
0.95,2399.41,27136
0.95,2279.44,27119
0.95,2165.47,27140
0.95,2057.19,27136
0.95,1954.33,27163
0.95,1856.62,27164
0.95,1763.79,27186
0.95,1675.6,27251
0.95,1591.82,27211
0.95,1512.23,27392
0.95,1436.62,27393
0.95,1364.78,27436
0.95,1296.55,27399
0.95,1231.72,27558
0.95,1170.13,27629
0.95,1111.63,27594
0.95,1056.04,27718
0.95,1003.24,27734
0.95,953.08,27760
0.95,905.426,27843
0.95,860.155,27880
0.95,817.147,27940
0.95,776.29,28007
0.95,737.475,28072
0.95,700.601,28172
0.95,665.571,28216
0.95,632.293,28214
0.95,600.678,28343
0.95,570.644,28366
0.95,542.112,28384
0.95,515.006,28538
0.95,489.256,28562
0.95,464.793,28620
0.95,441.554,28648
0.95,419.476,28648
0.95,398.502,28743
0.95,378.577,28788
0.95,359.648,28794
0.95,341.666,28761
0.95,324.583,28782
0.95,308.353,28793
0.95,292.936,28770
0.95,278.289,28792
0.95,264.374,28837
0.95,251.156,28915
0.95,238.598,28948
0.95,226.668,29056
0.95,215.335,29073
0.95,204.568,29153
0.95,194.34,29257
0.95,184.623,29481
0.95,175.391,29606
0.95,166.622,29601
0.95,158.291,29655
0.95,150.376,29655
0.95,142.857,29688
0.95,135.715,29707
0.95,128.929,29750
0.95,122.482,29752
0.95,116.358,29820
0.95,110.54,29909
0.95,105.013,29916
0.95,99.7627,29940
0.95,94.7745,30003
0.95,90.0358,29897
0.95,85.534,29926
0.95,81.2573,30077
0.95,77.1944,30064
0.95,73.3347,30118
0.95,69.668,30135
0.95,66.1846,30185
0.95,62.8754,30196
0.95,59.7316,30207
0.95,56.745,30425
0.95,53.9078,30541
0.95,51.2124,30544
0.95,48.6518,30589
0.95,46.2192,30474
0.95,43.9082,30541
0.95,41.7128,30522
0.95,39.6272,30547
0.95,37.6458,30558
0.95,35.7635,30555
0.95,33.9753,30699
0.95,32.2766,30752
0.95,30.6627,30780
0.95,29.1296,30879
0.95,27.6731,30920
0.95,26.2895,30978
0.95,24.975,31021
0.95,23.7262,31021
0.95,22.5399,31013
0.95,21.4129,31025
0.95,20.3423,31062
0.95,19.3252,31042
0.95,18.3589,31100
0.95,17.441,30992
0.95,16.5689,31112
0.95,15.7405,31195
0.95,14.9535,31131
0.95,14.2058,31145
0.95,13.4955,31152
0.95,12.8207,31151
0.95,12.1797,31151
0.95,11.5707,31179
0.95,10.9922,31245
0.95,10.4426,31286
0.95,9.92042,31336
0.95,9.4244,31319
0.95,8.95318,31347
0.95,8.50552,31369
0.95,8.08025,31373
0.95,7.67624,31404
0.95,7.29242,31389
0.95,6.9278,31419
0.95,6.58141,31442
0.95,6.25234,31449
0.95,5.93972,31442
0.95,5.64274,31518
0.95,5.3606,31521
0.95,5.09257,31567
0.95,4.83794,31573
0.95,4.59605,31600
0.95,4.36624,31661
0.95,4.14793,31660
0.95,3.94053,31660
0.95,3.74351,31678
0.95,3.55633,31735
0.95,3.37852,31741
0.95,3.20959,31765
0.95,3.04911,31763
0.95,2.89666,31788
0.95,2.75182,31818
0.95,2.61423,31911
0.95,2.48352,31936
0.95,2.35934,31932
0.95,2.24138,31929
0.95,2.12931,32015
0.95,2.02284,32039
0.95,1.9217,32046
0.95,1.82562,32056
0.95,1.73433,32094
0.95,1.64762,32056
0.95,1.56524,32074
0.95,1.48697,32100
0.95,1.41263,32106
0.95,1.34199,32152
0.95,1.2749,32190
0.95,1.21115,32286
0.95,1.15059,32356
0.95,1.09306,32316
0.95,1.03841,32332
0.95,0.98649,32392
0.95,0.937165,32402
0.95,0.890307,32512
0.95,0.845791,32568
0.95,0.803502,32570
0.95,0.763327,32640
0.95,0.72516,32618
0.95,0.688902,32629
0.95,0.654457,32698
0.95,0.621734,32754
0.95,0.590648,32821
0.95,0.561115,32828
0.95,0.53306,32854
0.95,0.506407,32860
0.95,0.481086,32843
0.95,0.457032,32846
0.95,0.43418,32908
0.95,0.412471,32978
0.95,0.391848,32937
0.95,0.372255,32983
0.95,0.353643,32989
0.95,0.33596,33080
0.95,0.319162,33030
0.95,0.303204,33070
0.95,0.288044,33060
0.95,0.273642,33241
0.95,0.25996,33253
0.95,0.246962,33197
0.95,0.234614,33270
0.95,0.222883,33334
0.95,0.211739,33352
0.95,0.201152,33414
0.95,0.191094,33414
0.95,0.18154,33430
0.95,0.172463,33431
0.95,0.16384,33550
0.95,0.155648,33575
0.95,0.147865,33605
0.95,0.140472,33619
0.95,0.133448,33596
0.95,0.126776,33632
0.95,0.120437,33634
0.95,0.114415,33648
0.95,0.108694,33639
0.95,0.10326,33639
0.95,0.0980968,33644
0.95,0.0931919,33649
0.95,0.0885323,33668
0.95,0.0841057,33709
0.95,0.0799004,33759
0.95,0.0759054,33781
0.95,0.0721101,33797
0.95,0.0685046,33783
0.95,0.0650794,33859
0.95,0.0618254,33888
0.95,0.0587342,33948
0.95,0.0557975,34033
0.95,0.0530076,34069
0.95,0.0503572,34109
0.95,0.0478393,34150
0.95,0.0454474,34351
0.95,0.043175,34354
0.95,0.0410163,34392
0.95,0.0389654,34417
0.95,0.0370172,34444
0.95,0.0351663,34497
0.95,0.033408,34431
0.95,0.0317376,34524
0.95,0.0301507,34541
0.95,0.0286432,34578
0.95,0.027211,34601
0.95,0.0258505,34597
0.95,0.0245579,34685
0.95,0.0233301,34664
0.95,0.0221635,34728
0.95,0.0210554,34746
0.95,0.0200026,34900
0.95,0.0190025,34916
0.95,0.0180523,34968
0.95,0.0171497,34948
0.95,0.0162922,34973
0.95,0.0154776,34971
0.95,0.0147038,35015
0.95,0.0139686,35014
0.95,0.0132701,35028
0.95,0.0126066,35068
0.95,0.0119763,35103
0.95,0.0113775,35163
0.95,0.0108086,35185
0.95,0.0102682,35184
0.95,0.00975477,35196
0.95,0.00926703,35202
0.95,0.00880368,35234
0.95,0.00836349,35228
0.95,0.00794532,35228
0.95,0.00754805,35172
0.95,0.00717065,35181
0.95,0.00681212,35118
0.95,0.00647151,35152
0.95,0.00614794,35249
0.95,0.00584054,35247
0.95,0.00554851,35393
0.95,0.00527109,35402
0.95,0.00500753,35397
0.95,0.00475716,35394
0.95,0.0045193,35400
0.95,0.00429333,35443
0.95,0.00407867,35495
0.95,0.00387473,35493
0.95,0.003681,35455
0.95,0.00349695,35484
0.95,0.0033221,35473
0.95,0.00315599,35592
0.95,0.0029982,35590
0.95,0.00284829,35583
0.95,0.00270587,35642
0.95,0.00257058,35636
0.95,0.00244205,35732
0.95,0.00231995,35753
0.95,0.00220395,35824
0.95,0.00209375,35848
0.95,0.00198906,35873
0.95,0.00188961,35879
0.95,0.00179513,35969
0.95,0.00170537,35953
0.95,0.0016201,35962
0.95,0.0015391,35977
0.95,0.00146214,35991
0.95,0.00138904,36035
0.95,0.00131959,36035
0.95,0.00125361,35969
0.95,0.00119093,36078
0.95,0.00113138,36086
0.95,0.00107481,36101
0.95,0.00102107,36119
0.95,0.000970017,36131
0.95,0.000921516,36128
0.95,0.00087544,36109
0.95,0.000831668,36168
0.95,0.000790085,36228
0.95,0.00075058,36212
0.95,0.000713051,36266
0.95,0.000677399,36314
0.95,0.000643529,36343
0.95,0.000611352,36369
0.95,0.000580785,36483
0.95,0.000551746,36490
0.95,0.000524158,36498
0.95,0.00049795,36495
0.95,0.000473053,36569
0.95,0.0004494,36630
0.95,0.00042693,36627
0.95,0.000405584,36636
0.95,0.000385305,36666
0.95,0.000366039,36640
0.95,0.000347737,36561
0.95,0.00033035,36564
0.95,0.000313833,36690
0.95,0.000298141,36786
0.95,0.000283234,36783
0.95,0.000269073,36744
0.95,0.000255619,36702
0.95,0.000242838,36839
0.95,0.000230696,36854
0.95,0.000219161,36877
0.95,0.000208203,36911
0.95,0.000197793,36989
0.95,0.000187903,36977
0.95,0.000178508,37007
0.95,0.000169583,36933
0.95,0.000161104,36931
0.95,0.000153048,36977
0.95,0.000145396,36973
0.95,0.000138126,37032
0.95,0.00013122,37043
0.95,0.000124659,37038
0.95,0.000118426,37059
0.95,0.000112505,37022
0.95,0.000106879,37053
0.95,0.000101535,37096
0.95,9.64587e-05,37063
0.95,9.16358e-05,37053
0.95,8.7054e-05,37025
0.95,8.27013e-05,36993
0.95,7.85662e-05,36987
0.95,7.46379e-05,37013
0.95,7.0906e-05,37146
0.95,6.73607e-05,37134
0.95,6.39927e-05,37187
0.95,6.0793e-05,37206
0.95,5.77534e-05,37206
0.95,5.48657e-05,37233
0.95,5.21224e-05,37322
0.95,4.95163e-05,37342
0.9,4.8708e+06,10866
0.9,4.38372e+06,11027
0.9,3.94535e+06,11074
0.9,3.55081e+06,11107
0.9,3.19573e+06,11131
0.9,2.87616e+06,11275
0.9,2.58854e+06,11281
0.9,2.32969e+06,11381
0.9,2.09672e+06,11424
0.9,1.88705e+06,11497
0.9,1.69834e+06,11635
0.9,1.52851e+06,11717
0.9,1.37566e+06,11873
0.9,1.23809e+06,11998
0.9,1.11428e+06,12087
0.9,1.00285e+06,12127
0.9,902569,12149
0.9,812312,12197
0.9,731081,12257
0.9,657973,12417
0.9,592176,12567
0.9,532958,12718
0.9,479662,12774
0.9,431696,13023
0.9,388526,13121
0.9,349674,13150
0.9,314706,13271
0.9,283236,13372
0.9,254912,13441
0.9,229421,13619
0.9,206479,13754
0.9,185831,13890
0.9,167248,13946
0.9,150523,14103
0.9,135471,14132
0.9,121924,14150
0.9,109731,14352
0.9,98758.2,14403
0.9,88882.4,14513
0.9,79994.1,14539
0.9,71994.7,14663
0.9,64795.3,14737
0.9,58315.7,14718
0.9,52484.2,14878
0.9,47235.7,14905
0.9,42512.2,14935
0.9,38260.9,14981
0.9,34434.9,15188
0.9,30991.4,15205
0.9,27892.2,15366
0.9,25103,15404
0.9,22592.7,15512
0.9,20333.4,15717
0.9,18300.1,15801
0.9,16470.1,15818
0.9,14823.1,15885
0.9,13340.8,15885
0.9,12006.7,15925
0.9,10806,15926
0.9,9725.42,15942
0.9,8752.88,15967
0.9,7877.59,16179
0.9,7089.83,16452
0.9,6380.85,16561
0.9,5742.76,16581
0.9,5168.49,16555
0.9,4651.64,16876
0.9,4186.47,16856
0.9,3767.83,16961
0.9,3391.04,17002
0.9,3051.94,17024
0.9,2746.75,17136
0.9,2472.07,17158
0.9,2224.86,17204
0.9,2002.38,17436
0.9,1802.14,17548
0.9,1621.93,17625
0.9,1459.73,17641
0.9,1313.76,17819
0.9,1182.38,18046
0.9,1064.15,18049
0.9,957.731,18149
0.9,861.958,18162
0.9,775.762,18232
0.9,698.186,18280
0.9,628.367,18393
0.9,565.531,18439
0.9,508.978,18493
0.9,458.08,18491
0.9,412.272,18496
0.9,371.045,18557
0.9,333.94,18707
0.9,300.546,18772
0.9,270.492,18817
0.9,243.442,18928
0.9,219.098,18990
0.9,197.188,19095
0.9,177.469,19201
0.9,159.723,19245
0.9,143.75,19366
0.9,129.375,19434
0.9,116.438,19449
0.9,104.794,19580
0.9,94.3146,19692
0.9,84.8831,19828
0.9,76.3948,19840
0.9,68.7553,19910
0.9,61.8798,19928
0.9,55.6918,19946
0.9,50.1226,20026
0.9,45.1104,20099
0.9,40.5993,20145
0.9,36.5394,20155
0.9,32.8855,20177
0.9,29.5969,20271
0.9,26.6372,20296
0.9,23.9735,20440
0.9,21.5761,20455
0.9,19.4185,20475
0.9,17.4767,20493
0.9,15.729,20582
0.9,14.1561,20613
0.9,12.7405,20646
0.9,11.4664,20621
0.9,10.3198,20664
0.9,9.28782,20791
0.9,8.35904,20967
0.9,7.52314,20983
0.9,6.77082,21053
0.9,6.09374,21067
0.9,5.48437,21109
0.9,4.93593,21180
0.9,4.44234,21173
0.9,3.9981,21182
0.9,3.59829,21251
0.9,3.23846,21323
0.9,2.91462,21325
0.9,2.62316,21380
0.9,2.36084,21536
0.9,2.12476,21586
0.9,1.91228,21616
0.9,1.72105,21737
0.9,1.54895,21732
0.9,1.39405,21729
0.9,1.25465,21859
0.9,1.12918,21953
0.9,1.01626,22019
0.9,0.914638,22131
0.9,0.823174,22242
0.9,0.740857,22303
0.9,0.666771,22390
0.9,0.600094,22397
0.9,0.540085,22447
0.9,0.486076,22456
0.9,0.437468,22532
0.9,0.393722,22646
0.9,0.354349,22559
0.9,0.318915,22591
0.9,0.287023,22614
0.9,0.258321,22594
0.9,0.232489,22635
0.9,0.20924,22693
0.9,0.188316,22769
0.9,0.169484,22800
0.9,0.152536,22797
0.9,0.137282,22799
0.9,0.123554,22883
0.9,0.111199,22933
0.9,0.100079,22981
0.9,0.0900709,22996
0.9,0.0810638,23022
0.9,0.0729574,23028
0.9,0.0656617,23081
0.9,0.0590955,23216
0.9,0.053186,23320
0.9,0.0478674,23330
0.9,0.0430806,23505
0.9,0.0387726,23546
0.9,0.0348953,23551
0.9,0.0314058,23564
0.9,0.0282652,23710
0.9,0.0254387,23751
0.9,0.0228948,23756
0.9,0.0206053,23852
0.9,0.0185448,23952
0.9,0.0166903,24100
0.9,0.0150213,24147
0.9,0.0135192,24177
0.9,0.0121672,24301
0.9,0.0109505,24342
0.9,0.00985546,24472
0.9,0.00886992,24414
0.9,0.00798293,24404
0.9,0.00718463,24480
0.9,0.00646617,24546
0.9,0.00581955,24552
0.9,0.0052376,24639
0.9,0.00471384,24683
0.9,0.00424245,24858
0.9,0.00381821,24931
0.9,0.00343639,25004
0.9,0.00309275,25087
0.9,0.00278347,25120
0.9,0.00250513,25161
0.9,0.00225461,25298
0.9,0.00202915,25362
0.9,0.00182624,25394
0.9,0.00164361,25405
0.9,0.00147925,25408
0.9,0.00133133,25465
0.9,0.00119819,25499
0.9,0.00107837,25570
0.9,0.000970537,25577
0.9,0.000873484,25601
0.9,0.000786135,25639
0.9,0.000707522,25627
0.9,0.00063677,25636
0.9,0.000573093,25675
0.9,0.000515783,25721
0.9,0.000464205,25721
0.9,0.000417785,25716
0.9,0.000376006,25696
0.9,0.000338405,25696
0.9,0.000304565,25719
0.9,0.000274108,25791
0.9,0.000246698,25820
0.9,0.000222028,25899
0.9,0.000199825,25969
0.9,0.000179843,26075
0.9,0.000161858,26128
0.9,0.000145672,26222
0.9,0.000131105,26263
0.9,0.000117995,26270
0.9,0.000106195,26329
0.9,9.55757e-05,26497
0.9,8.60181e-05,26603
0.9,7.74163e-05,26633
0.9,6.96747e-05,26638
0.9,6.27072e-05,26718
0.9,5.64365e-05,26757
0.9,5.07928e-05,26845
0.9,4.57136e-05,26977
0.9,4.11422e-05,27014
0.85,4.9861e+06,11913
0.85,4.23818e+06,12079
0.85,3.60246e+06,12219
0.85,3.06209e+06,12249
0.85,2.60278e+06,12316
0.85,2.21236e+06,12336
0.85,1.88051e+06,12433
0.85,1.59843e+06,12529
0.85,1.35867e+06,12580
0.85,1.15487e+06,12716
0.85,981635,12743
0.85,834390,12799
0.85,709232,12836
0.85,602847,12942
0.85,512420,13116
0.85,435557,13154
0.85,370223,13177
0.85,314690,13221
0.85,267486,13237
0.85,227363,13369
0.85,193259,13520
0.85,164270,13571
0.85,139630,13583
0.85,118685,13660
0.85,100882,13723
0.85,85750,13907
0.85,72887.5,13943
0.85,61954.4,14047
0.85,52661.2,14095
0.85,44762,14138
0.85,38047.7,14200
0.85,32340.6,14249
0.85,27489.5,14285
0.85,23366.1,14488
0.85,19861.2,14776
0.85,16882,14816
0.85,14349.7,14835
0.85,12197.2,14985
0.85,10367.6,15069
0.85,8812.5,15152
0.85,7490.62,15210
0.85,6367.03,15299
0.85,5411.98,15367
0.85,4600.18,15920
0.85,3910.15,15929
0.85,3323.63,16009
0.85,2825.09,16024
0.85,2401.32,16037
0.85,2041.12,16062
0.85,1734.96,16229
0.85,1474.71,16267
0.85,1253.51,16354
0.85,1065.48,16378
0.85,905.658,16466
0.85,769.809,16476
0.85,654.338,16526
0.85,556.187,16590
0.85,472.759,16700
0.85,401.845,16660
0.85,341.568,17006
0.85,290.333,17084
0.85,246.783,17105
0.85,209.766,17199
0.85,178.301,17273
0.85,151.556,17271
0.85,128.822,17257
0.85,109.499,17330
0.85,93.0741,17516
0.85,79.113,17523
0.85,67.2461,17582
0.85,57.1592,17701
0.85,48.5853,17742
0.85,41.2975,17821
0.85,35.1029,17848
0.85,29.8374,17908
0.85,25.3618,17995
0.85,21.5575,18049
0.85,18.3239,18219
0.85,15.5753,18289
0.85,13.239,18315
0.85,11.2532,18278
0.85,9.5652,18431
0.85,8.13042,18476
0.85,6.91086,18520
0.85,5.87423,18806
0.85,4.99309,18913
0.85,4.24413,18951
0.85,3.60751,18950
0.85,3.06638,19081
0.85,2.60643,19258
0.85,2.21546,19277
0.85,1.88314,19483
0.85,1.60067,19488
0.85,1.36057,19507
0.85,1.15648,19559
0.85,0.983012,19600
0.85,0.83556,19884
0.85,0.710226,19949
0.85,0.603692,20050
0.85,0.513139,20057
0.85,0.436168,20156
0.85,0.370743,20185
0.85,0.315131,20463
0.85,0.267862,20562
0.85,0.227682,20784
0.85,0.19353,20848
0.85,0.1645,21007
0.85,0.139825,20991
0.85,0.118852,21025
0.85,0.101024,21048
0.85,0.0858703,21132
0.85,0.0729897,21239
0.85,0.0620413,21243
0.85,0.0527351,21281
0.85,0.0448248,21285
0.85,0.0381011,21243
0.85,0.0323859,21303
0.85,0.027528,21454
0.85,0.0233988,21486
0.85,0.019889,21532
0.85,0.0169057,21588
0.85,0.0143698,21642
0.85,0.0122143,21654
0.85,0.0103822,21699
0.85,0.00882486,21892
0.85,0.00750113,21779
0.85,0.00637596,21824
0.85,0.00541957,21825
0.85,0.00460663,21857
0.85,0.00391564,21918
0.85,0.00332829,22124
0.85,0.00282905,22169
0.85,0.00240469,22226
0.85,0.00204399,22270
0.85,0.00173739,22290
0.85,0.00147678,22444
0.85,0.00125526,22712
0.85,0.00106697,22802
0.85,0.000906928,22813
0.85,0.000770889,22801
0.85,0.000655255,22807
0.85,0.000556967,22807
0.85,0.000473422,22990
0.85,0.000402409,23052
0.85,0.000342047,23094
0.85,0.00029074,23247
0.85,0.000247129,23247
0.85,0.00021006,23348
0.85,0.000178551,23646
0.85,0.000151768,23735
0.85,0.000129003,23786
0.85,0.000109653,23943
0.85,9.32047e-05,23985
0.85,7.9224e-05,24047
0.85,6.73404e-05,24022
0.85,5.72393e-05,24035
0.85,4.86534e-05,24011
0.85,4.13554e-05,24145
0.8,4.8472e+06,12120
0.8,3.87776e+06,12127
0.8,3.10221e+06,12148
0.8,2.48177e+06,12210
0.8,1.98541e+06,12228
0.8,1.58833e+06,12237
0.8,1.27066e+06,12361
0.8,1.01653e+06,12408
0.8,813225,12420
0.8,650580,12462
0.8,520464,12661
0.8,416371,12822
0.8,333097,13042
0.8,266478,13044
0.8,213182,13069
0.8,170546,13139
0.8,136437,13207
0.8,109149,13406
0.8,87319.4,13424
0.8,69855.5,13429
0.8,55884.4,13553
0.8,44707.5,13598
0.8,35766,13709
0.8,28612.8,13725
0.8,22890.3,13849
0.8,18312.2,13898
0.8,14649.8,14127
0.8,11719.8,14192
0.8,9375.85,14279
0.8,7500.68,14301
0.8,6000.54,14360
0.8,4800.43,14618
0.8,3840.35,14680
0.8,3072.28,14806
0.8,2457.82,14827
0.8,1966.26,14905
0.8,1573.01,14953
0.8,1258.41,14998
0.8,1006.72,15115
0.8,805.379,15209
0.8,644.303,15231
0.8,515.443,15341
0.8,412.354,15540
0.8,329.883,15542
0.8,263.907,15613
0.8,211.125,15678
0.8,168.9,15681
0.8,135.12,15765
0.8,108.096,15790
0.8,86.4769,15826
0.8,69.1816,15977
0.8,55.3452,16037
0.8,44.2762,16154
0.8,35.421,16263
0.8,28.3368,16315
0.8,22.6694,16351
0.8,18.1355,16418
0.8,14.5084,16515
0.8,11.6067,16603
0.8,9.28539,16764
0.8,7.42831,16834
0.8,5.94265,16853
0.8,4.75412,16660
0.8,3.8033,16717
0.8,3.04264,16851
0.8,2.43411,16932
0.8,1.94729,17092
0.8,1.55783,17145
0.8,1.24626,17219
0.8,0.997011,17257
0.8,0.797609,17301
0.8,0.638087,17507
0.8,0.51047,17544
0.8,0.408376,17657
0.8,0.326701,17773
0.8,0.261361,17775
0.8,0.209088,17870
0.8,0.167271,17900
0.8,0.133817,18142
0.8,0.107053,18135
0.8,0.0856426,18220
0.8,0.0685141,18284
0.8,0.0548113,18311
0.8,0.043849,18315
0.8,0.0350792,18309
0.8,0.0280634,18367
0.8,0.0224507,18426
0.8,0.0179606,18486
0.8,0.0143684,18513
0.8,0.0114948,18596
0.8,0.00919581,18726
0.8,0.00735664,18745
0.8,0.00588532,18826
0.8,0.00470825,18843
0.8,0.0037666,18842
0.8,0.00301328,18904
0.8,0.00241063,18930
0.8,0.0019285,18958
0.8,0.0015428,19062
0.8,0.00123424,19126
0.8,0.000987392,19234
0.8,0.000789914,19298
0.8,0.000631931,19365
0.8,0.000505545,19400
0.8,0.000404436,19409
0.8,0.000323549,19444
0.8,0.000258839,19492
0.8,0.000207071,19535
0.8,0.000165657,19566
0.8,0.000132526,19713
0.8,0.00010602,19753
0.8,8.48163e-05,19903
0.8,6.78531e-05,19918
0.8,5.42825e-05,19931
0.8,4.3426e-05,19941
0.75,4.99425e+06,13376
0.75,3.74569e+06,13504
0.75,2.80927e+06,13611
0.75,2.10695e+06,13770
0.75,1.58021e+06,13915
0.75,1.18516e+06,13918
0.75,888869,13965
0.75,666652,14196
0.75,499989,14237
0.75,374992,14244
0.75,281244,14337
0.75,210933,14348
0.75,158200,14403
0.75,118650,14476
0.75,88987.3,14574
0.75,66740.5,14618
0.75,50055.3,14674
0.75,37541.5,14854
0.75,28156.1,14875
0.75,21117.1,15062
0.75,15837.8,15098
0.75,11878.4,15218
0.75,8908.78,15297
0.75,6681.58,15472
0.75,5011.19,15548
0.75,3758.39,15548
0.75,2818.79,15563
0.75,2114.09,15646
0.75,1585.57,15698
0.75,1189.18,15795
0.75,891.884,15829
0.75,668.913,15874
0.75,501.685,16047
0.75,376.263,16078
0.75,282.198,16130
0.75,211.648,16226
0.75,158.736,16250
0.75,119.052,16249
0.75,89.2891,16270
0.75,66.9668,16338
0.75,50.2251,16491
0.75,37.6688,16501
0.75,28.2516,16780
0.75,21.1887,16934
0.75,15.8915,16950
0.75,11.9187,17054
0.75,8.93899,17242
0.75,6.70424,17343
0.75,5.02818,17459
0.75,3.77114,17503
0.75,2.82835,17630
0.75,2.12126,17668
0.75,1.59095,17784
0.75,1.19321,17799
0.75,0.894908,17923
0.75,0.671181,17973
0.75,0.503386,18050
0.75,0.377539,18119
0.75,0.283155,18119
0.75,0.212366,18129
0.75,0.159274,18300
0.75,0.119456,18322
0.75,0.0895919,18369
0.75,0.0671939,18369
0.75,0.0503954,18545
0.75,0.0377966,18634
0.75,0.0283474,18738
0.75,0.0212606,18868
0.75,0.0159454,18904
0.75,0.0119591,19000
0.75,0.0089693,19027
0.75,0.00672698,19048
0.75,0.00504523,19098
0.75,0.00378392,19247
0.75,0.00283794,19347
0.75,0.00212846,19341
0.75,0.00159634,19689
0.75,0.00119726,19713
0.75,0.000897943,19817
0.75,0.000673457,19831
0.75,0.000505093,19869
0.75,0.00037882,19852
0.75,0.000284115,19946
0.75,0.000213086,19948
0.75,0.000159815,19821
0.75,0.000119861,19837
0.75,8.98957e-05,19922
0.75,6.74218e-05,19948
0.75,5.05663e-05,19974
